{
	"credit": "Made with Blockbench",
	"textures": {
		"0": "handheld/bev_water",
		"particle": "handheld/bev_water"
	},
	"elements": [
		{
			"from": [6, 0, 5],
			"to": [10, 7, 9],
			"faces": {
				"north": {"uv": [4, 4, 8, 11], "texture": "#0"},
				"east": {"uv": [0, 4, 4, 11], "texture": "#0"},
				"south": {"uv": [12, 4, 16, 11], "texture": "#0"},
				"west": {"uv": [8, 4, 12, 11], "texture": "#0"},
				"up": {"uv": [8, 4, 4, 0], "texture": "#0"},
				"down": {"uv": [12, 0, 8, 4], "texture": "#0"}
			}
		},
		{
			"from": [7, 7, 6],
			"to": [9, 8, 8],
			"faces": {
				"north": {"uv": [2, 13, 4, 14], "texture": "#0"},
				"east": {"uv": [0, 13, 2, 14], "texture": "#0"},
				"south": {"uv": [6, 13, 8, 14], "texture": "#0"},
				"west": {"uv": [4, 13, 6, 14], "texture": "#0"},
				"up": {"uv": [4, 13, 2, 11], "texture": "#0"},
				"down": {"uv": [6, 11, 4, 13], "texture": "#0"}
			}
		}
	],
	"display": {
		"thirdperson_righthand": {
			"rotation": [33, 45, 0],
			"translation": [0, 3, 2.25],
			"scale": [0.75, 0.75, 0.75]
		},
		"thirdperson_lefthand": {
			"rotation": [33, 45, 0],
			"translation": [0, 3, 2.25],
			"scale": [0.75, 0.75, 0.75]
		},
		"firstperson_righthand": {
			"rotation": [19, 45, 0],
			"translation": [4.5, 6.75, 0.5],
			"scale": [0.9, 0.9, 0.9]
		},
		"firstperson_lefthand": {
			"rotation": [19, 45, 0],
			"translation": [4.5, 6.75, 0.5],
			"scale": [0.9, 0.9, 0.9]
		},
		"ground": {
			"rotation": [45, 45, 0],
			"translation": [0, 3, 2.5],
			"scale": [0.75, 0.75, 0.75]
		},
		"gui": {
			"rotation": [30, -135, 0],
			"translation": [-0.75, 5, 0],
			"scale": [1.25, 1.25, 1.25]
		},
		"head": {
			"scale": [0, 0, 0]
		},
		"fixed": {
			"translation": [0, 6, 0.5],
			"scale": [1.5, 1.5, 1.5]
		}
	},
	"groups": [
		{
			"name": "bottle",
			"origin": [8, 8, 8],
			"color": 0,
			"children": [0, 1]
		}
	]
}