{
    "providers": [
        {
            "type": "bitmap",
            "file": "minecraft:tags/owner.png",
            "ascent": 7,
            "height": 7,
            "chars": ["\uE000"]
        },
        {
            "type": "bitmap",
            "file": "minecraft:tags/mod.png",
            "ascent": 7,
            "height": 7,
            "chars": ["\uE001"]
        },
        {
            "type": "bitmap",
            "file": "minecraft:tags/diamond.png",
            "ascent": 7,
            "height": 7,
            "chars": ["\uE002"]
        },
        {
            "type": "bitmap",
            "file": "minecraft:tags/gold.png",
            "ascent": 7,
            "height": 7,
            "chars": ["\uE003"]
        },
        {
            "type": "bitmap",
            "file": "minecraft:tags/guest.png",
            "ascent": 7,
            "height": 7,
            "chars": ["\uE004"]
        }
    ]
}