{
	"credit": "Made with Blockbench",
	"texture_size": [128, 128],
	"textures": {
		"0": "handheld/bev_water",
		"1": "other/misc_bev_holder",
		"2": "handheld/bev_vitawater",
		"4": "handheld/bev_sprite",
		"particle": "handheld/bev_vitawater",
		"3_1": "handheld/bev_coke"
	},
	"elements": [
		{
			"from": [2, 9, 2],
			"to": [14, 13, 14],
			"faces": {
				"north": {"uv": [1.5, 3.625, 3, 4.125], "texture": "#1"},
				"east": {"uv": [0, 3.625, 1.5, 4.125], "texture": "#1"},
				"south": {"uv": [4.5, 3.625, 6, 4.125], "texture": "#1"},
				"west": {"uv": [3, 3.625, 4.5, 4.125], "texture": "#1"},
				"up": {"uv": [3, 3.625, 1.5, 2.125], "texture": "#1"},
				"down": {"uv": [4.5, 2.125, 3, 3.625], "texture": "#1"}
			}
		},
		{
			"from": [0, 9, 0],
			"to": [2, 11, 16],
			"faces": {
				"north": {"uv": [2, 6.125, 2.25, 6.375], "texture": "#1"},
				"east": {"uv": [0, 6.125, 2, 6.375], "texture": "#1"},
				"south": {"uv": [4.25, 6.125, 4.5, 6.375], "texture": "#1"},
				"west": {"uv": [2.25, 6.125, 4.25, 6.375], "texture": "#1"},
				"up": {"uv": [2.25, 6.125, 2, 4.125], "texture": "#1"},
				"down": {"uv": [2.5, 4.125, 2.25, 6.125], "texture": "#1"}
			}
		},
		{
			"from": [14, 9, 0],
			"to": [16, 11, 16],
			"faces": {
				"north": {"uv": [6, 4.125, 6.25, 4.375], "texture": "#1"},
				"east": {"uv": [4, 4.125, 6, 4.375], "texture": "#1"},
				"south": {"uv": [8.25, 4.125, 8.5, 4.375], "texture": "#1"},
				"west": {"uv": [6.25, 4.125, 8.25, 4.375], "texture": "#1"},
				"up": {"uv": [6.25, 4.125, 6, 2.125], "texture": "#1"},
				"down": {"uv": [6.5, 2.125, 6.25, 4.125], "texture": "#1"}
			}
		},
		{
			"from": [2, 9, 0],
			"to": [14, 11, 2],
			"faces": {
				"north": {"uv": [6.25, 0.75, 7.75, 1], "texture": "#1"},
				"east": {"uv": [6, 0.75, 6.25, 1], "texture": "#1"},
				"south": {"uv": [8, 0.75, 9.5, 1], "texture": "#1"},
				"west": {"uv": [7.75, 0.75, 8, 1], "texture": "#1"},
				"up": {"uv": [7.75, 0.75, 6.25, 0.5], "texture": "#1"},
				"down": {"uv": [9.25, 0.5, 7.75, 0.75], "texture": "#1"}
			}
		},
		{
			"from": [0, 8, 0],
			"to": [16, 9, 16],
			"faces": {
				"north": {"uv": [2, 2, 4, 2.125], "texture": "#1"},
				"east": {"uv": [0, 2, 2, 2.125], "texture": "#1"},
				"south": {"uv": [6, 2, 8, 2.125], "texture": "#1"},
				"west": {"uv": [4, 2, 6, 2.125], "texture": "#1"},
				"up": {"uv": [4, 2, 2, 0], "texture": "#1"},
				"down": {"uv": [6, 0, 4, 2], "texture": "#1"}
			}
		},
		{
			"from": [2, 9, 14],
			"to": [14, 11, 16],
			"faces": {
				"north": {"uv": [6.25, 0.25, 7.75, 0.5], "texture": "#1"},
				"east": {"uv": [6, 0.25, 6.25, 0.5], "texture": "#1"},
				"south": {"uv": [8, 0.25, 9.5, 0.5], "texture": "#1"},
				"west": {"uv": [7.75, 0.25, 8, 0.5], "texture": "#1"},
				"up": {"uv": [7.75, 0.25, 6.25, 0], "texture": "#1"},
				"down": {"uv": [9.25, 0, 7.75, 0.25], "texture": "#1"}
			}
		},
		{
			"from": [6, -6, 6],
			"to": [10, 8, 10],
			"rotation": {"angle": 0, "axis": "y", "origin": [6, 7.5, 7]},
			"faces": {
				"north": {"uv": [5, 4.875, 5.5, 6.625], "texture": "#1"},
				"east": {"uv": [4.5, 4.875, 5, 6.625], "texture": "#1"},
				"south": {"uv": [6, 4.875, 6.5, 6.625], "texture": "#1"},
				"west": {"uv": [5.5, 4.875, 6, 6.625], "texture": "#1"},
				"up": {"uv": [5.5, 4.875, 5, 4.375], "texture": "#1"},
				"down": {"uv": [6, 4.375, 5.5, 4.875], "texture": "#1"}
			}
		},
		{
			"from": [4, 15, 6],
			"to": [8, 22, 10],
			"rotation": {"angle": -22.5, "axis": "z", "origin": [0, 0, 0]},
			"faces": {
				"north": {"uv": [4, 4, 8, 11], "texture": "#3_1"},
				"east": {"uv": [0, 4, 4, 11], "texture": "#3_1"},
				"south": {"uv": [12, 4, 16, 11], "texture": "#3_1"},
				"west": {"uv": [8, 4, 12, 11], "texture": "#3_1"},
				"up": {"uv": [8, 4, 4, 0], "texture": "#3_1"},
				"down": {"uv": [12, 0, 8, 4], "texture": "#3_1"}
			}
		},
		{
			"from": [5, 22, 7],
			"to": [7, 23, 9],
			"rotation": {"angle": -22.5, "axis": "z", "origin": [0, 0, 0]},
			"faces": {
				"north": {"uv": [2, 13, 4, 14], "texture": "#3_1"},
				"east": {"uv": [0, 13, 2, 14], "texture": "#3_1"},
				"south": {"uv": [6, 13, 8, 14], "texture": "#3_1"},
				"west": {"uv": [4, 13, 6, 14], "texture": "#3_1"},
				"up": {"uv": [4, 13, 2, 11], "texture": "#3_1"},
				"down": {"uv": [6, 11, 4, 13], "texture": "#3_1"}
			}
		},
		{
			"from": [7, 9, 6],
			"to": [11, 16, 10],
			"rotation": {"angle": 22.5, "axis": "z", "origin": [0, 0, 0]},
			"faces": {
				"north": {"uv": [0, 4, 4, 11], "texture": "#4"},
				"east": {"uv": [12, 4, 16, 11], "texture": "#4"},
				"south": {"uv": [8, 4, 12, 11], "texture": "#4"},
				"west": {"uv": [4, 4, 8, 11], "texture": "#4"},
				"up": {"uv": [8, 4, 4, 0], "rotation": 270, "texture": "#4"},
				"down": {"uv": [12, 0, 8, 4], "rotation": 90, "texture": "#4"}
			}
		},
		{
			"from": [8, 16, 7],
			"to": [10, 17, 9],
			"rotation": {"angle": 22.5, "axis": "z", "origin": [0, 0, 0]},
			"faces": {
				"north": {"uv": [0, 13, 2, 14], "texture": "#4"},
				"east": {"uv": [6, 13, 8, 14], "texture": "#4"},
				"south": {"uv": [4, 13, 6, 14], "texture": "#4"},
				"west": {"uv": [2, 13, 4, 14], "texture": "#4"},
				"up": {"uv": [4, 13, 2, 11], "rotation": 270, "texture": "#4"},
				"down": {"uv": [6, 11, 4, 13], "rotation": 90, "texture": "#4"}
			}
		},
		{
			"from": [6, 9, 7],
			"to": [10, 16, 11],
			"rotation": {"angle": -22.5, "axis": "x", "origin": [0, 0, 0]},
			"faces": {
				"north": {"uv": [4, 4, 8, 11], "texture": "#0"},
				"east": {"uv": [0, 4, 4, 11], "texture": "#0"},
				"south": {"uv": [12, 4, 16, 11], "texture": "#0"},
				"west": {"uv": [8, 4, 12, 11], "texture": "#0"},
				"up": {"uv": [8, 4, 4, 0], "texture": "#0"},
				"down": {"uv": [12, 0, 8, 4], "texture": "#0"}
			}
		},
		{
			"from": [7, 16, 8],
			"to": [9, 17, 10],
			"rotation": {"angle": -22.5, "axis": "x", "origin": [0, 0, 0]},
			"faces": {
				"north": {"uv": [2, 13, 4, 14], "texture": "#0"},
				"east": {"uv": [0, 13, 2, 14], "texture": "#0"},
				"south": {"uv": [6, 13, 8, 14], "texture": "#0"},
				"west": {"uv": [4, 13, 6, 14], "texture": "#0"},
				"up": {"uv": [4, 13, 2, 11], "texture": "#0"},
				"down": {"uv": [6, 11, 4, 13], "texture": "#0"}
			}
		},
		{
			"from": [6, 15, 4],
			"to": [10, 22, 8],
			"rotation": {"angle": 22.5, "axis": "x", "origin": [0, 0, 0]},
			"faces": {
				"north": {"uv": [4, 4, 8, 11], "texture": "#2"},
				"east": {"uv": [0, 4, 4, 11], "texture": "#2"},
				"south": {"uv": [12, 4, 16, 11], "texture": "#2"},
				"west": {"uv": [8, 4, 12, 11], "texture": "#2"},
				"up": {"uv": [8, 4, 4, 0], "texture": "#2"},
				"down": {"uv": [12, 0, 8, 4], "texture": "#2"}
			}
		},
		{
			"from": [7, 22, 5],
			"to": [9, 23, 7],
			"rotation": {"angle": 22.5, "axis": "x", "origin": [0, 0, 0]},
			"faces": {
				"north": {"uv": [2, 13, 4, 14], "texture": "#2"},
				"east": {"uv": [0, 13, 2, 14], "texture": "#2"},
				"south": {"uv": [6, 13, 8, 14], "texture": "#2"},
				"west": {"uv": [4, 13, 6, 14], "texture": "#2"},
				"up": {"uv": [4, 13, 2, 11], "texture": "#2"},
				"down": {"uv": [6, 11, 4, 13], "texture": "#2"}
			}
		}
	],
	"display": {
		"thirdperson_righthand": {
			"translation": [0, 3, 1],
			"scale": [0.55, 0.55, 0.55]
		},
		"thirdperson_lefthand": {
			"translation": [0, 3, 1],
			"scale": [0.55, 0.55, 0.55]
		},
		"firstperson_righthand": {
			"rotation": [0, 45, 0],
			"scale": [0.4, 0.4, 0.4]
		},
		"firstperson_lefthand": {
			"rotation": [0, 45, 0],
			"scale": [0.4, 0.4, 0.4]
		},
		"ground": {
			"rotation": [45, 45, 0],
			"translation": [0, 3, 2.5],
			"scale": [0.5, 0.5, 0.5]
		},
		"gui": {
			"rotation": [30, -135, 0],
			"translation": [0, 0.5, 0],
			"scale": [0.5, 0.5, 0.5]
		},
		"head": {
			"translation": [0, 6.25, 0]
		},
		"fixed": {
			"scale": [0.5, 0.5, 0.5]
		}
	},
	"groups": [
		{
			"name": "holder",
			"origin": [8, 8, 8],
			"color": 0,
			"children": [
				{
					"name": "ice",
					"origin": [8, 8, 8],
					"color": 0,
					"children": [0]
				},
				{
					"name": "base",
					"origin": [0, 0, 0],
					"color": 0,
					"children": [1, 2, 3, 4, 5]
				},
				{
					"name": "support",
					"origin": [0, 0, 0],
					"color": 0,
					"children": [6]
				}
			]
		},
		{
			"name": "coke_bottle",
			"origin": [8, 8, 8],
			"color": 0,
			"children": [
				{
					"name": "bottle",
					"origin": [8, 8, 8],
					"color": 0,
					"children": [7, 8]
				}
			]
		},
		{
			"name": "sprite_bottle",
			"origin": [8, 8, 8],
			"color": 0,
			"children": [
				{
					"name": "bottle",
					"origin": [8, 8, 8],
					"color": 0,
					"children": [9, 10]
				}
			]
		},
		{
			"name": "water_bottle",
			"origin": [8, 8, 8],
			"color": 0,
			"children": [
				{
					"name": "bottle",
					"origin": [8, 8, 8],
					"color": 0,
					"children": [11, 12]
				}
			]
		},
		{
			"name": "vita_bottle",
			"origin": [8, 8, 8],
			"color": 0,
			"children": [13, 14]
		}
	]
}